-- 智慧停车 ChatBI 模拟数据
-- 执行前请先执行 01_schema.sql。
-- 数据覆盖2026年2月至4月，可用于收入趋势、停车场排名、利用率和收入下降归因演示。

SET NAMES utf8mb4;

INSERT INTO dim_parking_lot (
    parking_lot_id, parking_lot_name, operator_id, city_name,
    parking_lot_type, total_spaces, operation_status, updated_at
) VALUES
    (1001, '中心商场停车场', 1, '上海市', '商业', 500, 'operating', '2026-04-10 23:59:59'),
    (1002, '科技园停车场', 1, '上海市', '园区', 300, 'operating', '2026-04-10 23:59:59'),
    (1003, '市民医院停车场', 1, '杭州市', '医院', 420, 'operating', '2026-04-10 23:59:59');

INSERT INTO fact_parking_order (
    order_id, parking_lot_id, order_type, entry_time, exit_time,
    parking_minutes, order_status, receivable_amount, discount_amount,
    paid_amount, refund_amount, payment_status, payment_method,
    manual_open_flag, free_release_flag, updated_at
) VALUES
    (20001, 1001, 'temporary', '2026-02-10 08:10:00', '2026-02-10 10:10:00', 120, 'completed', 40.00, 0.00, 40.00, 0.00, 'paid', 'wechat', 0, 0, '2026-02-10 10:11:00'),
    (20002, 1001, 'temporary', '2026-02-10 13:20:00', '2026-02-10 16:20:00', 180, 'completed', 40.00, 4.00, 36.00, 0.00, 'paid', 'alipay', 0, 0, '2026-02-10 16:21:00'),
    (20003, 1001, 'temporary', '2026-03-10 09:00:00', '2026-03-10 12:00:00', 180, 'completed', 52.00, 2.00, 50.00, 0.00, 'paid', 'wechat', 0, 0, '2026-03-10 12:01:00'),
    (20004, 1001, 'temporary', '2026-03-10 14:00:00', '2026-03-10 18:00:00', 240, 'completed', 48.00, 0.00, 48.00, 0.00, 'paid', 'alipay', 0, 0, '2026-03-10 18:01:00'),
    (20005, 1001, 'temporary', '2026-04-10 08:30:00', '2026-04-10 13:00:00', 270, 'completed', 65.00, 5.00, 60.00, 0.00, 'paid', 'wechat', 0, 0, '2026-04-10 13:01:00'),
    (20006, 1001, 'temporary', '2026-04-10 15:00:00', '2026-04-10 20:00:00', 300, 'completed', 60.00, 0.00, 60.00, 0.00, 'paid', 'alipay', 0, 0, '2026-04-10 20:01:00'),

    (21001, 1002, 'temporary', '2026-02-10 08:20:00', '2026-02-10 17:20:00', 540, 'completed', 48.00, 0.00, 48.00, 0.00, 'paid', 'wechat', 0, 0, '2026-02-10 17:21:00'),
    (21002, 1002, 'temporary', '2026-02-10 09:10:00', '2026-02-10 18:10:00', 540, 'completed', 40.00, 0.00, 40.00, 0.00, 'paid', 'alipay', 0, 0, '2026-02-10 18:11:00'),
    (21003, 1002, 'temporary', '2026-03-10 08:40:00', '2026-03-10 16:40:00', 480, 'completed', 35.00, 5.00, 30.00, 0.00, 'paid', 'wechat', 0, 0, '2026-03-10 16:41:00'),
    (21004, 1002, 'temporary', '2026-03-10 09:20:00', '2026-03-10 17:20:00', 480, 'completed', 35.00, 5.00, 30.00, 0.00, 'paid', 'alipay', 0, 0, '2026-03-10 17:21:00'),
    (21005, 1002, 'temporary', '2026-04-10 08:50:00', '2026-04-10 12:50:00', 240, 'completed', 20.00, 5.00, 15.00, 0.00, 'paid', 'wechat', 0, 0, '2026-04-10 12:51:00'),
    (21006, 1002, 'visitor', '2026-04-10 10:00:00', '2026-04-10 11:30:00', 90, 'completed', 10.00, 0.00, 10.00, 0.00, 'paid', 'cash', 1, 0, '2026-04-10 11:31:00'),

    (22001, 1003, 'temporary', '2026-02-10 07:50:00', '2026-02-10 09:20:00', 90, 'completed', 18.00, 0.00, 18.00, 0.00, 'paid', 'wechat', 0, 0, '2026-02-10 09:21:00'),
    (22002, 1003, 'temporary', '2026-02-10 10:00:00', '2026-02-10 12:00:00', 120, 'completed', 22.00, 0.00, 22.00, 0.00, 'paid', 'alipay', 0, 0, '2026-02-10 12:01:00'),
    (22003, 1003, 'temporary', '2026-03-10 08:00:00', '2026-03-10 11:00:00', 180, 'completed', 30.00, 2.00, 28.00, 0.00, 'paid', 'wechat', 0, 0, '2026-03-10 11:01:00'),
    (22004, 1003, 'temporary', '2026-03-10 12:00:00', '2026-03-10 15:00:00', 180, 'completed', 28.00, 0.00, 28.00, 0.00, 'paid', 'alipay', 0, 0, '2026-03-10 15:01:00'),
    (22005, 1003, 'temporary', '2026-04-10 08:20:00', '2026-04-10 12:20:00', 240, 'completed', 32.00, 2.00, 30.00, 0.00, 'paid', 'wechat', 0, 0, '2026-04-10 12:21:00'),
    (22006, 1003, 'temporary', '2026-04-10 13:10:00', '2026-04-10 17:10:00', 240, 'completed', 30.00, 0.00, 30.00, 0.00, 'paid', 'alipay', 0, 0, '2026-04-10 17:11:00');

INSERT INTO fact_space_snapshot (
    snapshot_id, parking_lot_id, snapshot_time,
    total_spaces, occupied_spaces, free_spaces
) VALUES
    (30001, 1001, '2026-02-10 09:00:00', 500, 310, 190),
    (30002, 1001, '2026-02-10 15:00:00', 500, 350, 150),
    (30003, 1001, '2026-03-10 09:00:00', 500, 340, 160),
    (30004, 1001, '2026-03-10 15:00:00', 500, 380, 120),
    (30005, 1001, '2026-04-10 09:00:00', 500, 390, 110),
    (30006, 1001, '2026-04-10 15:00:00', 500, 410, 90),

    (31001, 1002, '2026-02-10 09:00:00', 300, 210, 90),
    (31002, 1002, '2026-02-10 15:00:00', 300, 198, 102),
    (31003, 1002, '2026-03-10 09:00:00', 300, 174, 126),
    (31004, 1002, '2026-03-10 15:00:00', 300, 162, 138),
    (31005, 1002, '2026-04-10 09:00:00', 300, 120, 180),
    (31006, 1002, '2026-04-10 15:00:00', 300, 108, 192),

    (32001, 1003, '2026-02-10 09:00:00', 420, 252, 168),
    (32002, 1003, '2026-02-10 15:00:00', 420, 273, 147),
    (32003, 1003, '2026-03-10 09:00:00', 420, 281, 139),
    (32004, 1003, '2026-03-10 15:00:00', 420, 294, 126),
    (32005, 1003, '2026-04-10 09:00:00', 420, 302, 118),
    (32006, 1003, '2026-04-10 15:00:00', 420, 315, 105);

INSERT INTO fact_operation_event (
    event_id, parking_lot_id, order_id, event_time, event_type,
    severity, event_status, estimated_loss, description
) VALUES
    (40001, 1001, NULL, '2026-03-10 10:15:00', 'plate_recognition_failed', 'low', 'resolved', 0.00, '入口车牌识别失败，现场已人工确认'),
    (40002, 1001, NULL, '2026-04-10 18:30:00', 'device_offline', 'medium', 'resolved', 20.00, '出口自助缴费设备离线15分钟'),
    (41001, 1002, NULL, '2026-03-10 09:30:00', 'payment_failed', 'medium', 'resolved', 15.00, '移动支付通道短时失败'),
    (41002, 1002, 21006, '2026-04-10 11:30:00', 'manual_gate_open', 'medium', 'resolved', 10.00, '出口设备异常，人工确认后抬杆'),
    (41003, 1002, NULL, '2026-04-10 08:00:00', 'device_offline', 'high', 'resolved', 35.00, '主入口道闸控制器离线45分钟'),
    (41004, 1002, NULL, '2026-04-10 09:10:00', 'payment_failed', 'medium', 'resolved', 18.00, '聚合支付渠道连续失败'),
    (42001, 1003, NULL, '2026-02-10 11:20:00', 'space_count_mismatch', 'low', 'resolved', 0.00, '系统车位数与现场巡检相差2个'),
    (42002, 1003, NULL, '2026-04-10 14:20:00', 'plate_recognition_failed', 'low', 'resolved', 0.00, '出口车牌识别失败，二次识别成功');

INSERT INTO agg_parking_daily (
    stat_date, parking_lot_id, order_count, net_revenue,
    average_parking_minutes, average_occupied_spaces, utilization_rate,
    manual_open_count, free_release_count, exception_count, updated_at
) VALUES
    ('2026-02-10', 1001, 2, 76.00, 150.00, 330.00, 0.6600, 0, 0, 0, '2026-02-11 01:00:00'),
    ('2026-03-10', 1001, 2, 98.00, 210.00, 360.00, 0.7200, 0, 0, 1, '2026-03-11 01:00:00'),
    ('2026-04-10', 1001, 2, 120.00, 285.00, 400.00, 0.8000, 0, 0, 1, '2026-04-11 01:00:00'),

    ('2026-02-10', 1002, 2, 88.00, 540.00, 204.00, 0.6800, 0, 0, 0, '2026-02-11 01:00:00'),
    ('2026-03-10', 1002, 2, 60.00, 480.00, 168.00, 0.5600, 0, 0, 1, '2026-03-11 01:00:00'),
    ('2026-04-10', 1002, 2, 25.00, 165.00, 114.00, 0.3800, 1, 0, 3, '2026-04-11 01:00:00'),

    ('2026-02-10', 1003, 2, 40.00, 105.00, 262.50, 0.6250, 0, 0, 1, '2026-02-11 01:00:00'),
    ('2026-03-10', 1003, 2, 56.00, 180.00, 287.50, 0.6845, 0, 0, 0, '2026-03-11 01:00:00'),
    ('2026-04-10', 1003, 2, 60.00, 240.00, 308.50, 0.7345, 0, 0, 1, '2026-04-11 01:00:00');

INSERT INTO agg_parking_hourly (
    stat_date, stat_hour, parking_lot_id, order_count, net_revenue,
    occupied_spaces, utilization_rate, exception_count, updated_at
) VALUES
    ('2026-04-10', 9, 1001, 0, 0.00, 390.00, 0.7800, 0, '2026-04-11 01:00:00'),
    ('2026-04-10', 13, 1001, 1, 60.00, 405.00, 0.8100, 0, '2026-04-11 01:00:00'),
    ('2026-04-10', 20, 1001, 1, 60.00, 410.00, 0.8200, 1, '2026-04-11 01:00:00'),

    ('2026-04-10', 9, 1002, 0, 0.00, 120.00, 0.4000, 2, '2026-04-11 01:00:00'),
    ('2026-04-10', 11, 1002, 1, 10.00, 114.00, 0.3800, 1, '2026-04-11 01:00:00'),
    ('2026-04-10', 12, 1002, 1, 15.00, 108.00, 0.3600, 0, '2026-04-11 01:00:00'),

    ('2026-04-10', 9, 1003, 0, 0.00, 302.00, 0.7190, 0, '2026-04-11 01:00:00'),
    ('2026-04-10', 12, 1003, 1, 30.00, 315.00, 0.7500, 0, '2026-04-11 01:00:00'),
    ('2026-04-10', 17, 1003, 1, 30.00, 309.00, 0.7357, 1, '2026-04-11 01:00:00');

